{
    "name": "Red-violet_purchase",
    "operation": "purchase",
    "reward_dict": {
        "standard": {
            "level": 0.43761050951847,
            "scalar": 1
        },
        "monopoly": {
            "level": 0.07960583441738364,
            "scalar": 1
        },
        "none": {
            "level": 1.2116042775382498,
            "scalar": -1
        }
    },
    "true_threshold": 0.5,
    "max_cash_limit": 10000,
    "reward_equation_str": "lambda cash, level, maximum, scalar: scalar * ((2 * cash * level + 10 * cash - level * maximum)/(10 * cash + level * maximum))",
    "running_reward": 20.738607483395167,
    "episode_nb": 600,
    "h5_path": "Red-violet_purchase_purchase.h5",
    "json_path": "Red-violet_purchase_purchase.json",
    "loss": "binary_crossentropy",
    "optimizer": "adam",
    "metrics": [
        "accuracy"
    ],
    "can_learn": true,
    "gamma": 0.99
}