{
    "name": "Jade",
    "operation": "trade_offer",
    "true_threshold": 0.5,
    "max_cash_limit": 10000,
    "running_reward": 0,
    "episode_nb": 0,
    "h5_path": "Jade_trade_offer.h5",
    "json_path": "Jade_trade_offer.json",
    "loss": "mse",
    "optimizer": "adam",
    "metrics": [
        "accuracy"
    ],
    "single_label": false,
    "can_learn": true,
    "gamma": 0.7,
    "epsilon": 1.0,
    "epsilon_min": 0.01,
    "epsilon_decay": 0.99,
    "alpha": 0.001,
    "alpha_decay": 0.001,
    "rho": 1,
    "rho_type": "crvm"
}