{
    "name": "Ruby_up_down_grade",
    "operation": "up_down_grade",
    "reward_dict": {
        "upgrade": {
            "level": 1.4847395608036873,
            "scalar": 1
        },
        "downgrade": {
            "level": 0.24100375382111877,
            "scalar": -1
        },
        "mortgage": {
            "level": 2.3113575154798562,
            "scalar": 1
        },
        "unmortgage": {
            "level": 0.34227775967336344,
            "scalar": -1
        },
        "nonexecution": -1.0,
        "none": 0.0
    },
    "true_threshold": 0.5,
    "max_cash_limit": 10000,
    "reward_equation_str": "lambda cash, level, maximum, scalar: scalar * ((2 * cash * level + 10 * cash - level * maximum)/(10 * cash + level * maximum))",
    "running_reward": -89.93236904731455,
    "episode_nb": 300,
    "h5_path": "up_down_grade.h5",
    "json_path": "up_down_grade.json",
    "loss": "binary_crossentropy",
    "optimizer": "adam",
    "metrics": [
        "accuracy"
    ],
    "can_learn": true,
    "gamma": 0.99
}