{
    "name": "Yellow",
    "operation": "purchase",
    "reward_dict": {
        "standard": {
            "level": 1.9838435429163124,
            "scalar": 1
        },
        "monopoly": {
            "level": 0.24391885712183647,
            "scalar": 1
        },
        "none": {
            "level": 0.9417621857066935,
            "scalar": -1
        }
    },
    "true_threshold": 0.5,
    "max_cash_limit": 10000,
    "reward_equation_str": "lambda cash, level, maximum, scalar: scalar * ((2 * cash * level + 10 * cash - level * maximum)/(10 * cash + level * maximum))",
    "running_reward": 3.4685243559355086,
    "episode_nb": 500,
    "h5_path": "Yellow_purchase.h5",
    "json_path": "Yellow_purchase.json",
    "loss": "binary_crossentropy",
    "optimizer": "adam",
    "metrics": [
        "accuracy"
    ],
    "can_learn": false,
    "gamma": 0.99
}