{
    "name": "Chocolate_purchase",
    "operation": "purchase",
    "reward_dict": {
        "standard": {
            "level": 0.6111271473960211,
            "scalar": 1
        },
        "monopoly": {
            "level": 0.16689285272106089,
            "scalar": 1
        },
        "none": {
            "level": 0.5557568105997897,
            "scalar": -1
        }
    },
    "true_threshold": 0.5,
    "max_cash_limit": 10000,
    "reward_equation_str": "lambda cash, level, maximum, scalar: scalar * ((2 * cash * level + 10 * cash - level * maximum)/(10 * cash + level * maximum))",
    "running_reward": 12.36661496583569,
    "episode_nb": 600,
    "h5_path": "Chocolate_purchase_purchase.h5",
    "json_path": "Chocolate_purchase_purchase.json",
    "loss": "binary_crossentropy",
    "optimizer": "adam",
    "metrics": [
        "accuracy"
    ],
    "can_learn": true,
    "gamma": 0.99
}