{
    "name": "Peach",
    "operation": "purchase",
    "reward_dict": {
        "standard": {
            "level": 1.1514149228942103,
            "scalar": 1
        },
        "monopoly": {
            "level": 0.8132543982920432,
            "scalar": 1
        },
        "none": {
            "level": 1.6616270101600406,
            "scalar": -1
        }
    },
    "true_threshold": 0.5,
    "max_cash_limit": 10000,
    "reward_equation_str": "lambda cash, level, maximum, scalar: scalar * ((2 * cash * level + 10 * cash - level * maximum)/(10 * cash + level * maximum))",
    "running_reward": 10.757771813583787,
    "episode_nb": 500,
    "h5_path": "Peach_purchase.h5",
    "json_path": "Peach_purchase.json",
    "loss": "binary_crossentropy",
    "optimizer": "adam",
    "metrics": [
        "accuracy"
    ],
    "can_learn": false,
    "gamma": 0.99
}