{
    "name": "Erin_purchase",
    "operation": "purchase",
    "reward_dict": {
        "standard": {
            "level": 1.223914320251366,
            "scalar": 1
        },
        "monopoly": {
            "level": 1.2247079017916314,
            "scalar": 1
        },
        "none": {
            "level": 0.6418308863367191,
            "scalar": -1
        }
    },
    "true_threshold": 0.5,
    "max_cash_limit": 10000,
    "reward_equation_str": "lambda cash, level, maximum, scalar: scalar * ((2 * cash * level + 10 * cash - level * maximum)/(10 * cash + level * maximum))",
    "running_reward": -0.5872388576837841,
    "episode_nb": 300,
    "h5_path": "purchase.h5",
    "json_path": "purchase.json",
    "loss": "binary_crossentropy",
    "optimizer": "adam",
    "metrics": [
        "accuracy"
    ],
    "can_learn": true,
    "gamma": 0.99
}