{
    "name": "Periwinkle_up_down_grade",
    "operation": "up_down_grade",
    "reward_dict": null,
    "true_threshold": 0.5,
    "max_cash_limit": 10000,
    "reward_equation_str": "lambda cash, level, maximum, scalar: scalar * ((2 * cash * level + 10 * cash - level * maximum)/(10 * cash + level * maximum))",
    "running_reward": 0,
    "episode_nb": 0,
    "h5_path": "Periwinkle_up_down_grade_up_down_grade.h5",
    "json_path": "Periwinkle_up_down_grade_up_down_grade.json",
    "loss": "binary_crossentropy",
    "optimizer": "adam",
    "metrics": [
        "accuracy"
    ],
    "can_learn": true,
    "gamma": 0.99
}