{
    "name": "Periwinkle_purchase",
    "operation": "purchase",
    "reward_dict": {
        "standard": {
            "level": 0.29307726772206644,
            "scalar": 1
        },
        "monopoly": {
            "level": 0.4643357881436673,
            "scalar": 1
        },
        "none": {
            "level": 1.9505605073034846,
            "scalar": -1
        }
    },
    "true_threshold": 0.5,
    "max_cash_limit": 10000,
    "reward_equation_str": "lambda cash, level, maximum, scalar: scalar * ((2 * cash * level + 10 * cash - level * maximum)/(10 * cash + level * maximum))",
    "running_reward": 24.049471690491718,
    "episode_nb": 1300,
    "h5_path": "Periwinkle_purchase_purchase.h5",
    "json_path": "Periwinkle_purchase_purchase.json",
    "loss": "binary_crossentropy",
    "optimizer": "adam",
    "metrics": [
        "accuracy"
    ],
    "can_learn": true,
    "gamma": 0.99
}