{
    "name": "Ultramarine_purchase",
    "operation": "purchase",
    "reward_dict": {
        "standard": {
            "level": 0.8916354586964529,
            "scalar": 1
        },
        "monopoly": {
            "level": 0.6939782976174845,
            "scalar": 1
        },
        "none": {
            "level": 0.3892619134291502,
            "scalar": -1
        }
    },
    "true_threshold": 0.5,
    "max_cash_limit": 10000,
    "reward_equation_str": "lambda cash, level, maximum, scalar: scalar * ((2 * cash * level + 10 * cash - level * maximum)/(10 * cash + level * maximum))",
    "running_reward": 3.488218316180308,
    "episode_nb": 600,
    "h5_path": "Ultramarine_purchase_purchase.h5",
    "json_path": "Ultramarine_purchase_purchase.json",
    "loss": "binary_crossentropy",
    "optimizer": "adam",
    "metrics": [
        "accuracy"
    ],
    "can_learn": true,
    "gamma": 0.99
}