{
    "name": "Purple_trade_offer",
    "operation": "trade_offer",
    "reward_dict": {
        "none": 1.0
    },
    "true_threshold": 0.5,
    "max_cash_limit": 10000,
    "reward_equation_str": "lambda cash, level, maximum, scalar: scalar * ((2 * cash * level + 10 * cash - level * maximum)/(10 * cash + level * maximum))",
    "running_reward": 0,
    "episode_nb": 0,
    "h5_path": "trade_offer.h5",
    "json_path": "trade_offer.json",
    "loss": "categorical_crossentropy",
    "optimizer": "adam",
    "metrics": [
        "accuracy"
    ],
    "can_learn": true,
    "gamma": 0.99
}