{
    "name": "Pink",
    "operation": "purchase",
    "reward_dict": {
        "standard": {
            "level": 1.66671391912963,
            "scalar": 1
        },
        "monopoly": {
            "level": 1.8503553228097311,
            "scalar": 1
        },
        "none": {
            "level": 0.8563490197064205,
            "scalar": -1
        }
    },
    "true_threshold": 0.5,
    "max_cash_limit": 10000,
    "reward_equation_str": "lambda cash, level, maximum, scalar: scalar * ((2 * cash * level + 10 * cash - level * maximum)/(10 * cash + level * maximum))",
    "running_reward": -0.8130571517097934,
    "episode_nb": 500,
    "h5_path": "Pink_purchase.h5",
    "json_path": "Pink_purchase.json",
    "loss": "binary_crossentropy",
    "optimizer": "adam",
    "metrics": [
        "accuracy"
    ],
    "can_learn": false,
    "gamma": 0.99
}