{
    "name": "Amaranth",
    "operation": "up_down_grade",
    "reward_dict": {
        "upgrade": {
            "level": 1.0801835418938084,
            "scalar": 1
        },
        "downgrade": {
            "level": 0.22529939068686516,
            "scalar": -1
        },
        "mortgage": {
            "level": 1.2822684003567575,
            "scalar": 1
        },
        "unmortgage": {
            "level": 1.5482319191615803,
            "scalar": -1
        },
        "nonexecution": -1.0,
        "none": 0.0
    },
    "true_threshold": 0.5,
    "max_cash_limit": 10000,
    "reward_equation_str": "lambda cash, level, maximum, scalar: scalar * ((2 * cash * level + 10 * cash - level * maximum)/(10 * cash + level * maximum))",
    "running_reward": 0,
    "episode_nb": 0,
    "h5_path": "Amaranth_up_down_grade.h5",
    "json_path": "Amaranth_up_down_grade.json",
    "loss": "binary_crossentropy",
    "optimizer": "adam",
    "metrics": [
        "accuracy"
    ],
    "can_learn": true,
    "gamma": 0.99
}