{
    "name": "Amaranth",
    "operation": "purchase",
    "reward_dict": {
        "standard": {
            "level": 1.408798073620097,
            "scalar": 1
        },
        "monopoly": {
            "level": 1.818177047315523,
            "scalar": 1
        },
        "none": {
            "level": 1.837611588988403,
            "scalar": -1
        }
    },
    "true_threshold": 0.5,
    "max_cash_limit": 10000,
    "reward_equation_str": "lambda cash, level, maximum, scalar: scalar * ((2 * cash * level + 10 * cash - level * maximum)/(10 * cash + level * maximum))",
    "running_reward": 7.854799427511159,
    "episode_nb": 500,
    "h5_path": "Amaranth_purchase.h5",
    "json_path": "Amaranth_purchase.json",
    "loss": "binary_crossentropy",
    "optimizer": "adam",
    "metrics": [
        "accuracy"
    ],
    "can_learn": false,
    "gamma": 0.99
}