{
    "name": "Tan_purchase",
    "operation": "purchase",
    "reward_dict": {
        "standard": {
            "level": 0.6421124536205566,
            "scalar": 1
        },
        "monopoly": {
            "level": 1.9180845233700945,
            "scalar": 1
        },
        "none": {
            "level": 1.6347416308340041,
            "scalar": -1
        }
    },
    "true_threshold": 0.5,
    "max_cash_limit": 10000,
    "reward_equation_str": "lambda cash, level, maximum, scalar: scalar * ((2 * cash * level + 10 * cash - level * maximum)/(10 * cash + level * maximum))",
    "running_reward": 13.335032280983205,
    "episode_nb": 600,
    "h5_path": "Tan_purchase_purchase.h5",
    "json_path": "Tan_purchase_purchase.json",
    "loss": "binary_crossentropy",
    "optimizer": "adam",
    "metrics": [
        "accuracy"
    ],
    "can_learn": true,
    "gamma": 0.99
}