{
    "name": "Persian-blue_up_down_grade",
    "operation": "up_down_grade",
    "reward_dict": {
        "upgrade": {
            "level": 2.747213580191872,
            "scalar": 1
        },
        "downgrade": {
            "level": 1.5899704969734898,
            "scalar": -1
        },
        "mortgage": {
            "level": 0.37818335060303787,
            "scalar": 1
        },
        "unmortgage": {
            "level": 1.282923712937922,
            "scalar": -1
        },
        "nonexecution": -1.0,
        "none": 0.0
    },
    "true_threshold": 0.5,
    "max_cash_limit": 10000,
    "reward_equation_str": "lambda cash, level, maximum, scalar: scalar * ((2 * cash * level + 10 * cash - level * maximum)/(10 * cash + level * maximum))",
    "running_reward": -91.05377206462707,
    "episode_nb": 300,
    "h5_path": "up_down_grade.h5",
    "json_path": "up_down_grade.json",
    "loss": "binary_crossentropy",
    "optimizer": "adam",
    "metrics": [
        "accuracy"
    ],
    "can_learn": true,
    "gamma": 0.99
}