{
    "name": "Cerulean",
    "operation": "purchase",
    "true_threshold": 0.5,
    "max_cash_limit": 10000,
    "running_reward": 0,
    "episode_nb": 400,
    "h5_path": "Cerulean_purchase.h5",
    "json_path": "Cerulean_purchase.json",
    "loss": "binary_crossentropy",
    "optimizer": "adam",
    "metrics": [
        "accuracy"
    ],
    "single_label": true,
    "can_learn": false,
    "gamma": 0.7,
    "epsilon": 0.1346580429260134,
    "epsilon_min": 0.01,
    "epsilon_decay": 0.995,
    "alpha": 0.001,
    "alpha_decay": 0.001,
    "rho": 1,
    "rho_type": "crmv"
}