{
    "name": "Spring-bud_purchase",
    "operation": "purchase",
    "reward_dict": {
        "standard": {
            "level": 1.38199953325623,
            "scalar": 1
        },
        "monopoly": {
            "level": 0.15089911627549463,
            "scalar": 1
        },
        "none": {
            "level": 1.0144977426866684,
            "scalar": -1
        }
    },
    "true_threshold": 0.5,
    "max_cash_limit": 10000,
    "reward_equation_str": "lambda cash, level, maximum, scalar: scalar * ((2 * cash * level + 10 * cash - level * maximum)/(10 * cash + level * maximum))",
    "running_reward": 9.071793991874204,
    "episode_nb": 1300,
    "h5_path": "Spring-bud_purchase_purchase.h5",
    "json_path": "Spring-bud_purchase_purchase.json",
    "loss": "binary_crossentropy",
    "optimizer": "adam",
    "metrics": [
        "accuracy"
    ],
    "can_learn": true,
    "gamma": 0.99
}